technique,activity,error
fica,normal,6.544016409034865
pca,normal,6.2348865589137725
jade,normal,3.51933015986566
shibbs,normal,4.875232247454143
fica,physical,8.907442059097885
pca,physical,5.634199663472003
jade,physical,3.844416452718274
shibbs,physical,7.04169657059557
