name,technique,pulse_rate,error,selected_component
vlad,shibbs,76.55954631379961,5.420569205102805e-05,2
vlad,fica,50.847457627118644,0.1095308843177964,1
geesara,jade,78.50467289719627,0.0003818587497987855,3
vlad,pca,76.92307692307693,0.00014751921847596804,2
geesara,fica,69.76744186046511,0.008822718374389001,4
geesara,shibbs,67.28971962616824,0.015903110969543326,2
geesara,pca,68.87052341597796,0.011146633417129811,3
vlad,jade,76.85269899359561,0.0001258821976591017,2
